Questions,Responses,Class
,,
Special Discounts for OPEN FINANCE Customers not applied as the offer displayed in the app.,We regret the inconvenience. Please try again.,Account Enquiry
I am unable to add products to my wishlist,"Please try adding your product again to the wishlist. If the issue persist, please mail your queries to .@Open Finance.co.in",Account Enquiry
Special Discounts for OPEN FINANCE Customers not applied as the offer displayed in the app.,We regret the inconvenience. Please try again.,Account Enquiry
My session expired. What do I do now?,We regret the inconvenience. Please try after sometime.,Account Enquiry
Merchant site is not responding.,We regret the inconvenience. Please try after sometime.,Account Enquiry
The selected product is stocked out.,We regret the inconvenience. Please contact the Merchant customer care.,Account Enquiry
The product is available cheaper at a different merchant site. Why is the merchant detail not available on your platform?,We thank you for your feedback. The Merchants on OPEN FINANCE platform offer wide variety of products. You may find more products on our OMP.,Account Enquiry
The product description is different from the display,We regret the inconvenience. Please call the merchant Customer care for any queries regarding the product.,Account Enquiry
I could not find Merchant in OMP?,We thank you for your feedback. The existing Merchants on OPEN FINANCE platform offer wide variety of products. You would find more merchants offering their products on our OMP soon.,Account Enquiry
I am unable to add products to my wishlist,"Please try adding your product again to the wishlist. If the issue persists, please mail your queries to support@Open Finance.co.in",Account Enquiry
My payment did not go through. What do I do?,We regret the inconvenience. Please call the merchant Customer care for any payment related queries.,Account Enquiry
My bank account got debited twice. Whom do I contact?,We regret the inconvenience. Please call the merchant Customer care for any payment related queries.,Account Enquiry
"My account got debited, merchant claims non-receipt of money.",We regret the inconvenience. Please call the merchant Customer care for any payment related queries.,Account Enquiry
My transaction failed. Whom can I contact?,"Please refer to merchant portal to track transaction history, failed transactions, refund etc. However, if the payment is done by an OPEN FINANCE payment instrument like OPEN FINANCE Debit Card, OPEN FINANCE Credit Card, etc., you can check the transaction history in the OPEN FINANCE OMP app.",Account Enquiry
Cashback as displayed not received.,Please contact the Merchant Customer Care for queries related to payment and product.,Account Enquiry
Discounts as displayed not applied at the merchant's site.,The discounts are customized exclusive for you and the same would be applied on redirection to the Merchant site. Please contact the Merchant Customer Care for more details.,Account Enquiry
Can I enter a mobile number other than the one used for downloading the app.,No. The same mobile number needs to be used,Internet Banking
I have not received OTP,Please try the resend OTP option,Internet Banking
Can FATCA status be updated later?,"Yes, you need to approach your branch",Internet Banking
What happens if there is a spelling mistake in my name printed on Aadhaar card?,Please do the rectification at UIDAI,Internet Banking
My mobile camera not working. What to do?,Please visit your nearest branch to open your account,Internet Banking
Details fetched from Adhaar card not matching. What to do??No. This loan can be availed only once for the full eligibility.,Please do the rectification at UIDAI,Internet Banking
Pin code shows different address. What to do ?Please do the rectification at UIDAI,Please do the rectification at UIDAI,Internet Banking
I am a diploma holder. What to choose in education qualifications,Please choose SSC/HSC,Internet Banking
I want to use an INTOUCH located in some other city/state for issuance of debit card. Can I do so??,"Yes, you can use it.",Internet Banking
Does generation of Reference number mean that my account has been opened.,No. The account will only be opened when you visit the branch and Biometric verifications is complete.,Internet Banking
Why I am not able to select loan amount below 25000?,Minimum loan amount for this product is 25000.,Internet Banking
Why I am not able to select loan tenure below 6 month?,Minimum loan tenure for this product is 6 months.,Internet Banking
What if I want loan for higher amount and longer duration?.,"Under this scheme maximum loan is Rs.1,00,000/- & maximum tenor is 12 months. We are also having other loan products to suit your needs. We can suggest a suitable scheme if you provide some details. ",Internet Banking
Is the Interest rate fixed or floating?,Interest rate is fixed for the entire tenure of the Loan.,Internet Banking
Can I get credit of loan amount in Account other than mentioned on the screen?,"Amount will be credited to your stated Account only. You can however, transfer these funds to your any other Account through our Fund Transfer facility, Net Banking facility, RTGS, etc.",Internet Banking
Can I select my EMI amount?,You can select a combination of loan amount & tenure to suit your EMI,Internet Banking
"If I Pay some Lumpsum amount, will my EMI reduce?",No,Internet Banking
I have not received any letter asking my confirmation,"This letter is sent to the Borrowers with loan of more than Rs. 75,000/-",Internet Banking
"Can I avail 2 Pre-approved Loans (e.g. if the eligibility is 1,00,000/- can I take  2 loans of Rs.50,000/-, one now & other Next month)?",No. This loan can be availed only once for the full eligibility.,Internet Banking
Can I track the accounts of my family members from one device?,User can only view/access his own account or jointly held account with others such as family members,Account Enquiry
"I have savings as well as current account with Open Finance, which of the two will be synchronized to the application?",Both the accounts will be synchronized to the mobile application.,Account Enquiry
How can I inquire about my deposit balance?,"Your combined deposit account balance will be instantly displayed once you click ""My Deposit"" section. You can also view the details of your individual deposit account such as the interest rate, maturity date etc. by clicking the respective  deposit account number in ""My Deposit"" section",Account Enquiry
Can I pay someone else's bill?,"Yes, you can pay someone else's bill. To do so you will have to add the Biller Specific Details of the person whose bill is to be paid.",Account Enquiry
Is there any upper limit?,You can also fix an upper limit for payments. Bills within this specified limit will get automatically processed for payment whenever they are due.,Account Enquiry
What if bill amount is greater than autopay amount set?,Each bill for amount greater than the specified can only be paid against your specific authority,Account Enquiry
What are the consequences of not paying a bill that is presented to me? ,"We will not be able to make a payment to the biller unless you specifically authorise a payment. You could provide this authorisation online either on a case-to-case basis or through the AutoPay feature in respect of bills within the upper limit fixed by you. Accordingly, should you not pay a bill that is presented to you the specific Terms of Service (Terms & Conditions) laid down by biller for late or non-payment of bill could become applicable.",Account Enquiry
What happens if I have a dispute with a Biller on the bills paid over Bill Payment (Digital Bank)? ,"The Bank shall assist you in every possible manner to provide you with information on the bills presented and payments that you have made. However, please note that the Bank is not responsible for settling disputes between the biller and you relating to the bill payments. For any specificcharge that you might wish to dispute or discuss in a specific bill, you would need to contact the biller directly. ",Account Enquiry
Can I perform transaction from other accounts,"Dear Customer, if more than one transaction account are operative, then you can perform transaction, but please note that on maturity the proceeds will only be credited to the account from where funds debited initially.",Account Enquiry
Can I select more than one nominee,"No, it is not permissible.",Account Enquiry
"On editing nominee, can I go for Nominee who is not relative","No, it is not allowed.",Account Enquiry
"On closure of FD , I want to credit the proceeds to different account than my saving account",On closure of FD the proceeds will be only be credited to the account from which funding was made. Credit to different account is not allowed on this platform.,Account Enquiry
"I was reviewing the close FD page and unknowingly clicked on Confirm. Immediately I got the POP up regarding closure of FD, Can I reverse the close FD ?","No, once you confirmed the action your FD account is closed, it is not reversible. You may opt for create new Fixed deposit for new FD",Account Enquiry
"At any stage in any steps in creation of fixed deposit, I decide not to  create it. What should I do?","You can cancel at any step in between through the close menu, you will land on account overview my deposit page.",Account Enquiry
"Earlier I have closed the process of creating fixed deposit, can I resume from the step where I closed?","No, but you can start create fixed deposit process its easy and step by step assisted process.",Account Enquiry
"What is Hide nominee option, what is its importance?",This option is given to facilitate if the customer wants to hide nominee name on term deposit advice. ,Account Enquiry
What are the types of accounts from which I can debit an amount for the deposit?,"You can debit a savings, current, or OD account to open term deposit. The account selected for debiting should be valid transactional a/c through Internet Banking channel and should not be a stopped / dormant / locked account.",Account Enquiry
Does customer needs to have the registered mobile number for registering the app?,"Yes, customer needs to register the Lotus app with the registered mobile number that is mapped to customer's internet banking, savings account and debit card/atm card.",Account Enquiry
How to proceed for app registration?,"User must click on ""Go To Your Account"" to proceed with App Registration process",Account Enquiry
Can I register the app without Internet Banking and Account/Debit card details?,User cannot register without one of Internet Banking or Debit Card details,Account Enquiry
Can I register the app using Internet Banking but INB credentials are not active or incorrect,User must approach the branch for requesting a reset of INB credentials,Account Enquiry
Can I enter alphanumeric values as mPIN?,"User cannot use an alphanumeric value as mPIN, he/she is shown a numeric keypad. User must mandatorily enter 6 digits as mPIN",Account Enquiry
Which debit card must a customer use to register?,User must choose the debit card & account number which is mapped to the mobile number. The same mobile number must be used in the device where the app is being registered,Account Enquiry
Can I proceed ahead without uploading the image of the Dream?,Yes. You can create a Dream without a image of the Dream or else can add later on.,Account Enquiry
Can I choose the account from which the Dream should be funded?,You can select one of the transactions account when you are funding the Dream.,Account Enquiry
Can I fund the Dream anytime/multiple times in a month?,"No. In phase I, we are re-using the RD product. Hence the monthly amount will be deducted on the day chosen by you.",Account Enquiry
Can I edit the account from which the monthly contribution is debited?,"You can edit the account only while funding the dream. Once the funding is completed, you cannot edit the account.",Account Enquiry
Where can I choose the day of funding the Dream?,You can choose the day of funding the Dream on 'Add Funds' screen.,Account Enquiry
"While funding the Dream, where can I check the interest rate offered by bank?","You can check the same on the review page. In phase I, we are re-using the RD product. The interest rate rules will be the same as that of RD.",Account Enquiry
From where can I close the Dream?,You can close the Dream by clicking on 'Close Dream' button on Dream details page. ,Account Enquiry
Can senior citizen avail additional rate of interest on recurring deposit?,"e-RD with additional rate of interest for Senior Citizens will be issued if option for ""Senior Citizen"" is selected by the customer and age of customer is 60 Yrs or above, on the date of creating the recurring deposit, as per date of birth recorded with the Bank. The minimum tenure and minimum amount applicable for additional rate of interest for senior citizen will be as per Bank's policy.",Account Enquiry
How TDS will be calculated for e-RD?,The RD account is subject to TDS.,Account Enquiry
Will I have different QR Codes for Different accounts or different VPAs?,User can create multiple QR codes for an account. User has to select a unique VPA to be mapped to that QR code.,Account Enquiry
Can I change my Primary account multiple times?,Yes. But user must ensure that this account has transactional rights,Account Enquiry
Can I avail Overdraft against TSFD like other FD,"No, you can not avail any loan against TSFD",Account Enquiry
Will TSFD get renewed automatically ?,"No, it is not getting auto renewed. The maturity proceeds will be credited to your account",Account Enquiry
Can I close my e-TDR/e-STDR under Tax Saving Scheme through Internet banking ?,No. Pre-mature closure of e-TDR/e-STDR under tax saving scheme is not allowed during the lock-in period. ,Account Enquiry
Can I set the maturity instruction for e-TDR/e-STDR under Tax Saving Scheme through Internet banking?,"The default maturity instruction will be ""Repay Principal and Interest"" and at maturity proceeds will be credited to your account which was used for funding the deposit.",Account Enquiry
"Can I open online term deposit a/c in any other name(s), not belonging to debit a/c from which term deposit a/c is funded ?","No, you may contact the branch for the same.",Account Enquiry
Can senior citizen avail additional rate of interest on term deposit under Tax Saving Scheme?,"Yes, Senior citizen can avail additional rate of interest in e-TDR/e-STDR under Tax Saving Scheme by exercising the relevant option. The date of birth in Bank's record will be considered for age validation. The minimum days and minimum amount applicable for additional rate of interest for senior citizen will be as per Bank's policy. In case of joint accounts, the Senior Citizen benefit can be availed only if the first account holder qualifies for this benefit.",Account Enquiry
Why am I not able to request statement beyond 2 years?,Statement can only be requested upto 2 years.,Account Enquiry
How to search any past transaction?,"You can search using any relevant criteria such as amount, date, POS details etc. for transaction made within last two years. Open Finance Digital Bank mobile platform have smart search option which can fetch your related transaction data based on your input.",Account Enquiry
Can I search a transaction I made three years ago?,"For any transaction made not within last two years, users have to visit respective branch to get the relevant information.",Account Enquiry
"If I create a new category, will it automatically show on my Internet, Tablet and Mobile Banking?","Yes, if you create a new category on either your Internet or Tablet banking, it will show across all of your online banking options",Account Enquiry
My beneficiary's account is not yet credited with the amount I have transferred,Please use 'raise a query' option available in support section in the app using your transaction reference number. You could also track your query from time to time.  You can now browse our 'Discover our features' videos available in support section of our app for a demo of various features available in our app.,Account Enquiry
"From the list of beneficiaries, I am not able to see the name of beneficiary I have added earlier",Please use 'raise a query' option available in support section in the app. You could also track your query from time to time. You can now browse our 'Discover our features' videos available in support section of our app for a demo of various features available in our app.,Account Enquiry
"I tried looking for the IFSC code of HDFC, Lower parel branch. It is not appearing in the search result.","You can do a smart search for the IFSC code using name of the bank/branch/area/pincode. We strive to keep our records updated, and is subject to the data available from the respective banks. Please refer to the website of the beneficiary bank in case of any difficulty in identifying the IFSC code.  You can now browse our 'Discover our features' videos available in support section of our app for a demo of various features available in our app.",Account Enquiry
"I have transferred an amount of Rs.XXX to a beneficiary. However, the same has been rejected and credited back to my account. What could be the reason?",The reason for reversal of funds into your account could be incorrect beneficiary details entered. kindly check and confirm the beneficiary details before re-initiating the transaction.You can now browse our 'Discover our features' videos available in support section of our app for a demo of various features available in our app.,Account Enquiry
What if I don't have a virtual payment address. App is not allowing me to transfer funds using UPI since I donâ€™t have a VPA,"If you choose to transfer funds using VPA, you need to have a VPA of your own. Virtual payment address(VPA) is an ID, which a user creates by linking his/her accounts to a bank's mobile application. You can create your VPA ID by using Android app 'Open Finance Pay', available in Google playstore.   You can now browse our 'Discover our features' videos available in support section of our app for a demo of various features available in our app.",Account Enquiry
"If a transaction is not credited to the beneficiary account, does the remitter get back the money?","Yes. If the beneficiary's bank is unable to credit the beneficiary's account for any reason, the former will return the money to the remitting bank within 2 hours. Once the amount is received by the remitting bank, it is credited to the remitter's account by the branch concerned.",Account Enquiry
What should be done if customer does not find old transaction on the screen?,Please use smart search option for old transaction using date /amount/tag etc.,Account Enquiry
What should be done if customer does not find transaction older than 3 years?,Please contact branch and put request for older transaction Or your request will be taken by us  and will be forwarded to our specialized team/Branch for resolution,Account Enquiry
Customer says money got dispensed but account not updated. Where should the request be put in raise query?,"Please select ""others"" option and write details in space provided and submit",Account Enquiry
Customer do not understand the narration in transaction like Bulk posting/Correction posting/other banking jargons,"Please select the transaction by clicking on it and popup will appear for selecting the option. If related transaction not found then can select ""others"" option and write details in space provided and submit ",Account Enquiry
Customer raised the query but don't know what happened next,"Dear Customer, please select Track Query option to get the status update and reply to your query",Account Enquiry
Customer raised the query but don't Track ID,"Dear Customer, you can smart search by using your details for tracking the  query",Account Enquiry
What to do if there is discrepancy in last login information?,User may raise a query using the hamburger menu > Support and the support team will take necessary action to clarify user on last login details,Account Enquiry
My Occupation is not given in the list. What should I do?,Select Others and then write details,Account Enquiry
I am not able to upload my image.,To be discussed with technical team,Account Enquiry
The changes I have made in my profile are not being saved,User will be asked about the fields that have been modified and a query is raised to address this issue,Account Enquiry
I am unable to view the modified/changed information in my profile,User will be asked about the fields that have been modified and a query is raised to address this issue,Account Enquiry
The changes I have made in my profile are not being saved,User will be asked about the fields that have been modified and a query is raised to address this issue,Account Enquiry
The account for which I want to create a VPA is not in the list.,The customer must raise a query/service request to map this account under an existing CIF. Once mapping is done user will be able to view the account number to create VPA,Account Enquiry
My VPA is not appearing in the list,"The user might have accidentally deleted the VPA mapped to an transaction account. The contact center agent has to cross verify in the system about the history of that particular VPA about its creation, modification/deletion",Account Enquiry
need to fill in money in my account,"Sir/Madam, through which means you'd like to deposit?..Using Atm Card or using Deposit slip",Deposit
Deposit,"Sir/Madam, through which means you'd like to deposit?..Using Atm Card or using Deposit slip",Deposit
Need to deposit,"Sir/Madam, through which means you'd like to deposit?..Using Atm Card or using Deposit slip",Deposit
Deposit money,"Sir/Madam, through which means you'd like to deposit?..Using Atm Card or using Deposit slip",Deposit
Want to deposit money,"Sir/Madam, through which means you'd like to deposit?..Using Atm Card or using Deposit slip",Deposit
have to deposit money,"Sir/Madam, through which means you'd like to deposit?..Using Atm Card or using Deposit slip",Deposit
need to deposit money,"Sir/Madam, through which means you'd like to deposit?..Using Atm Card or using Deposit slip",Deposit
Put in money,"Sir/Madam, through which means you'd like to deposit?..Using Atm Card or using Deposit slip",Deposit
need to put in money,"Sir/Madam, through which means you'd like to deposit?..Using Atm Card or using Deposit slip",Deposit
need to deposit,"Sir/Madam, through which means you'd like to deposit?..Using Atm Card or using Deposit slip",Deposit
want to deposit,"Sir/Madam, through which means you'd like to deposit?..Using Atm Card or using Deposit slip",Deposit
have to deposit,"Sir/Madam, through which means you'd like to deposit?..Using Atm Card or using Deposit slip",Deposit
Need to put cash,"Sir/Madam, through which means you'd like to deposit?..Using Atm Card or using Deposit slip",Deposit
have to put cash in my account,"Sir/Madam, through which means you'd like to deposit?..Using Atm Card or using Deposit slip",Deposit
need to put cash in my account,"Sir/Madam, through which means you'd like to deposit?..Using Atm Card or using Deposit slip",Deposit
want to put cash in my account,"Sir/Madam, through which means you'd like to deposit?..Using Atm Card or using Deposit slip",Deposit
Credit card,OK Swipe the card in the ATM machine and using your pin number you can get the amount,Deposit
Debit card,OK Swipe the card in the ATM machine and using your pin number you can get the amount,Deposit
Atm card,OK Swipe the card in the ATM machine and using your pin number you can get the amount,Deposit
Deposit voucher,"Fill up the details in the slip in the following way: First name of the Depositor, Account he/she is depositing to, the amount, Signature of the depositor.",Deposit
need to deposit through deposit voucher,"Fill up the details in the slip in the following way: First name of the Depositor, Account he/she is depositing to, the amount, Signature of the depositor.",Deposit
Need through deposit voucher,"Fill up the details in the slip in the following way: First name of the Depositor, Account he/she is depositing to, the amount, Signature of the depositor.",Deposit
need deposit voucher,"Fill up the details in the slip in the following way: First name of the Depositor, Account he/she is depositing to, the amount, Signature of the depositor.",Deposit
want deposit voucher,"Fill up the details in the slip in the following way: First name of the Depositor, Account he/she is depositing to, the amount, Signature of the depositor.",Deposit
need to deposit through deposit slip,"Fill up the details in the slip in the following way: First name of the Depositor, Account he/she is depositing to, the amount, Signature of the depositor.",Deposit
Need through deposit slip,"Fill up the details in the slip in the following way: First name of the Depositor, Account he/she is depositing to, the amount, Signature of the depositor.",Deposit
need deposit slip,"Fill up the details in the slip in the following way: First name of the Depositor, Account he/she is depositing to, the amount, Signature of the depositor.",Deposit
want deposit slip,"Fill up the details in the slip in the following way: First name of the Depositor, Account he/she is depositing to, the amount, Signature of the depositor.",Deposit
Deposit slip,"Fill up the details in the slip in the following way: First name of the Depositor, Account he/she is depositing to, the amount, Signature of the depositor.",Deposit
need to withdraw,"Please go to the atm and use credit/debit card to obtain money, or else use cheque or withdrawal slip for taking out money",Withdrawal
want to withdraw,"Please go to the atm and use credit/debit card to obtain money, or else use cheque or withdrawal slip for taking out money",Withdrawal
have to withdraw,"Please go to the atm and use credit/debit card to obtain money, or else use cheque or withdrawal slip for taking out money",Withdrawal
have to get amount,"Please go to the atm and use credit/debit card to obtain money, or else use cheque or withdrawal slip for taking out money",Withdrawal
want to get amount,"Please go to the atm and use credit/debit card to obtain money, or else use cheque or withdrawal slip for taking out money",Withdrawal
need to get amount,"Please go to the atm and use credit/debit card to obtain money, or else use cheque or withdrawal slip for taking out money",Withdrawal
need to get money,"Please go to the atm and use credit/debit card to obtain money, or else use cheque or withdrawal slip for taking out money",Withdrawal
have to withdraw money,"Please go to the atm and use credit/debit card to obtain money, or else use cheque or withdrawal slip for taking out money",Withdrawal
need to withdraw money,"Please go to the atm and use credit/debit card to obtain money, or else use cheque or withdrawal slip for taking out money",Withdrawal
want to withdraw money,"Please go to the atm and use credit/debit card to obtain money, or else use cheque or withdrawal slip for taking out money",Withdrawal
want money,"Please go to the atm and use credit/debit card to obtain money, or else use cheque or withdrawal slip for taking out money",Withdrawal
Open a account,Please give your id and address proofs in the counter and after validation you can obtain the passbook and debit/credit card for the account provided to you,Account Enquiry
need to open a account,Please give your id and address proofs in the counter and after validation you can obtain the passbook and debit/credit card for the account provided to you,Account Enquiry
want a account,Please give your id and address proofs in the counter and after validation you can obtain the passbook and debit/credit card for the account provided to you,Account Enquiry
need account,Please give your id and address proofs in the counter and after validation you can obtain the passbook and debit/credit card for the account provided to you,Account Enquiry
need an account,Please give your id and address proofs in the counter and after validation you can obtain the passbook and debit/credit card for the account provided to you,Account Enquiry
want account,Please give your id and address proofs in the counter and after validation you can obtain the passbook and debit/credit card for the account provided to you,Account Enquiry
need a account,Please give your id and address proofs in the counter and after validation you can obtain the passbook and debit/credit card for the account provided to you,Account Enquiry
want to have a bank account,Please give your id and address proofs in the counter and after validation you can obtain the passbook and debit/credit card for the account provided to you,Account Enquiry
want a bank account,Please give your id and address proofs in the counter and after validation you can obtain the passbook and debit/credit card for the account provided to you,Account Enquiry
need to create a bank account,Please give your id and address proofs in the counter and after validation you can obtain the passbook and debit/credit card for the account provided to you,Account Enquiry
need to create a account,Please give your id and address proofs in the counter and after validation you can obtain the passbook and debit/credit card for the account provided to you,Account Enquiry
Remove account,Please give the feedback to the bank about your inconvenience and you can discontinue your account if the problem cannot be solved. ,Account Enquiry
Remove a account,Please give the feedback to the bank about your inconvenience and you can discontinue your account if the problem cannot be solved. ,Account Enquiry
Delete account,Please give the feedback to the bank about your inconvenience and you can discontinue your account if the problem cannot be solved. ,Account Enquiry
Delete my account,Please give the feedback to the bank about your inconvenience and you can discontinue your account if the problem cannot be solved. ,Account Enquiry
want to delete my account,Please give the feedback to the bank about your inconvenience and you can discontinue your account if the problem cannot be solved. ,Account Enquiry
need to delete my acccount,Please give the feedback to the bank about your inconvenience and you can discontinue your account if the problem cannot be solved. ,Account Enquiry
have to delete my account,Please give the feedback to the bank about your inconvenience and you can discontinue your account if the problem cannot be solved. ,Account Enquiry
have to remove my account,Please give the feedback to the bank about your inconvenience and you can discontinue your account if the problem cannot be solved. ,Account Enquiry
need to remove my account,Please give the feedback to the bank about your inconvenience and you can discontinue your account if the problem cannot be solved. ,Account Enquiry
need to remove my bank account,Please give the feedback to the bank about your inconvenience and you can discontinue your account if the problem cannot be solved. ,Account Enquiry
need to close my bank account,Please give the feedback to the bank about your inconvenience and you can discontinue your account if the problem cannot be solved. ,Account Enquiry
Account balance,Provide your account details in the counter and they will respond to you or else you can use your debit card in the ATM to know about your balance.,Account Enquiry
My account balance,Provide your account details in the counter and they will respond to you or else you can use your debit card in the ATM to know about your balance.,Account Enquiry
need my account balance,Provide your account details in the counter and they will respond to you or else you can use your debit card in the ATM to know about your balance.,Account Enquiry
want my account balance,Provide your account details in the counter and they will respond to you or else you can use your debit card in the ATM to know about your balance.,Account Enquiry
have to know my account balance,Provide your account details in the counter and they will respond to you or else you can use your debit card in the ATM to know about your balance.,Account Enquiry
want to know my account balance,Provide your account details in the counter and they will respond to you or else you can use your debit card in the ATM to know about your balance.,Account Enquiry
need to know my account balance,Provide your account details in the counter and they will respond to you or else you can use your debit card in the ATM to know about your balance.,Account Enquiry
My monthly statement,Provide your account details in the counter and the staff will give you a hard/soft copy on the statement or else you can use Internet Banking to know about your balance,Account Enquiry
Monthly statement,Provide your account details in the counter and the staff will give you a hard/soft copy on the statement or else you can use Internet Banking to know about your balance,Account Enquiry
want to know my monthly statement,Provide your account details in the counter and the staff will give you a hard/soft copy on the statement or else you can use Internet Banking to know about your balance,Account Enquiry
have to know my monthly statement,Provide your account details in the counter and the staff will give you a hard/soft copy on the statement or else you can use Internet Banking to know about your balance,Account Enquiry
need to know my monthly statement,Provide your account details in the counter and the staff will give you a hard/soft copy on the statement or else you can use Internet Banking to know about your balance,Account Enquiry
want my monthly statement,Provide your account details in the counter and the staff will give you a hard/soft copy on the statement or else you can use Internet Banking to know about your balance,Account Enquiry
need my monthly statement,Provide your account details in the counter and the staff will give you a hard/soft copy on the statement or else you can use Internet Banking to know about your balance,Account Enquiry
Record transactions,Please provide your account passbook in the counter or use it in the passbook printing machine to get the record of statements in hard copy,Account Enquiry
Record my transactions,Please provide your account passbook in the counter or use it in the passbook printing machine to get the record of statements in hard copy,Account Enquiry
have to record my transactions,Please provide your account passbook in the counter or use it in the passbook printing machine to get the record of statements in hard copy,Account Enquiry
want to record my transactions,Please provide your account passbook in the counter or use it in the passbook printing machine to get the record of statements in hard copy,Account Enquiry
need to record my transactions,Please provide your account passbook in the counter or use it in the passbook printing machine to get the record of statements in hard copy,Account Enquiry
My transaction details,Please provide the time in which the transaction happened and transaction amount to get the info on that specific transaction. ,Account Enquiry
Transaction details,Please provide the time in which the transaction happened and transaction amount to get the info on that specific transaction. ,Account Enquiry
want my transaction details,Please provide the time in which the transaction happened and transaction amount to get the info on that specific transaction. ,Account Enquiry
Unathorized transaction in my account,You can call the tollfree number 1800-2500-600 and tell your details to block your account or else you can take the transaction details and investigate with the pollice.,Account Enquiry
Unathorized transaction,You can call the tollfree number 1800-2500-600 and tell your details to block your account or else you can take the transaction details and investigate with the pollice.,Account Enquiry
have an unauthorized transaction in my account,You can call the tollfree number 1800-2500-600 and tell your details to block your account or else you can take the transaction details and investigate with the pollice.,Account Enquiry
My monthly average balance,You can enquire about it in the counter or you can use your debit card to get the statement and monthly average sum of the account.,Account Enquiry
Annual average balance,You can enquire about it in the counter or you can use your debit card to get the statement and annual average sum of the account.,Account Enquiry
My Annual average balance,You can enquire about it in the counter or you can use your debit card to get the statement and annual average sum of the account.,Account Enquiry
Want my Annual average balance,You can enquire about it in the counter or you can use your debit card to get the statement and annual average sum of the account.,Account Enquiry
have to know my Annual average balance,You can enquire about it in the counter or you can use your debit card to get the statement and annual average sum of the account.,Account Enquiry
need to know my Annual average balance,You can enquire about it in the counter or you can use your debit card to get the statement and annual average sum of the account.,Account Enquiry
Monthly average balance,You can enquire about it in the counter or you can use your debit card to get the statement and monthly average sum of the account.,Account Enquiry
have to know my monthly average balance,You can enquire about it in the counter or you can use your debit card to get the statement and monthly average sum of the account.,Account Enquiry
need to know my monthly average balance,You can enquire about it in the counter or you can use your debit card to get the statement and monthly average sum of the account.,Account Enquiry
need to know my monthly average balance,You can enquire about it in the counter or you can use your debit card to get the statement and monthly average sum of the account.,Account Enquiry
Loan availability,"Can you specify the type of loan you need?Housing Loan, Education loan, Personal loan",Account Enquiry
want to avail a loan,"Can you specify the type of loan you need?Housing Loan, Education loan, Personal loan",Account Enquiry
want a loan,"Can you specify the type of loan you need?Housing Loan, Education loan, Personal loan",Account Enquiry
need a loan,"Can you specify the type of loan you need?Housing Loan, Education loan, Personal loan",Account Enquiry
want to have a loan,"Can you specify the type of loan you need?Housing Loan, Education loan, Personal loan",Account Enquiry
Loan needed,"Can you specify the type of loan you need?Housing Loan, Education loan, Personal loan",Account Enquiry
Housing loan,"Please provide your ID proof, Income certificate, bank statement to the bank and the staff  will contact you sooner or later.",Account Enquiry
need a housing loan,"Please provide your ID proof, Income certificate, bank statement to the bank and the staff  will contact you sooner or later.",Account Enquiry
want to have a housing loan,"Please provide your ID proof, Income certificate, bank statement to the bank and the staff  will contact you sooner or later.",Account Enquiry
need to have a housing loan,"Please provide your ID proof, Income certificate, bank statement to the bank and the staff  will contact you sooner or later.",Account Enquiry
want a housing loan,"Please provide your ID proof, Income certificate, bank statement to the bank and the staff  will contact you sooner or later.",Account Enquiry
avail a housing loan,"Please provide your ID proof, Income certificate, bank statement to the bank and the staff  will contact you sooner or later.",Account Enquiry
Housing loan availability,"Please provide your ID proof, Income certificate, bank statement to the bank and the staff  will contact you sooner or later.",Account Enquiry
Education loan,"Please provide your ID proof, Education institute proof, Birth certificate, Benefactor's income details to the bank and the staff will contact you sooner or later.",Account Enquiry
need a education loan,"Please provide your ID proof, Education institute proof, Birth certificate, Benefactor's income details to the bank and the staff will contact you sooner or later.",Account Enquiry
want to have a education loan,"Please provide your ID proof, Education institute proof, Birth certificate, Benefactor's income details to the bank and the staff will contact you sooner or later.",Account Enquiry
need to have a education loan,"Please provide your ID proof, Education institute proof, Birth certificate, Benefactor's income details to the bank and the staff will contact you sooner or later.",Account Enquiry
want a education loan,"Please provide your ID proof, Education institute proof, Birth certificate, Benefactor's income details to the bank and the staff will contact you sooner or later.",Account Enquiry
avail a education loan,"Please provide your ID proof, Education institute proof, Birth certificate, Benefactor's income details to the bank and the staff will contact you sooner or later.",Account Enquiry
education loan availability,"Please provide your ID proof, Education institute proof, Birth certificate, Benefactor's income details to the bank and the staff will contact you sooner or later.",Account Enquiry
Personal loan,"Please provide your ID proof, IT file, account statement to the bank and the staff will contact you regarding the approval or disapproval of the plan. ",Account Enquiry
need a personal loan,"Please provide your ID proof, IT file, account statement to the bank and the staff will contact you regarding the approval or disapproval of the plan. ",Account Enquiry
want to have a personal loan,"Please provide your ID proof, IT file, account statement to the bank and the staff will contact you regarding the approval or disapproval of the plan. ",Account Enquiry
need to have a personal loan,"Please provide your ID proof, IT file, account statement to the bank and the staff will contact you regarding the approval or disapproval of the plan. ",Account Enquiry
want a personal loan,"Please provide your ID proof, IT file, account statement to the bank and the staff will contact you regarding the approval or disapproval of the plan. ",Account Enquiry
avail a personal loan,"Please provide your ID proof, IT file, account statement to the bank and the staff will contact you regarding the approval or disapproval of the plan. ",Account Enquiry
personal loan availability,You can get it by using your phone number linked to the bank or using your credit/debit card.,Account Enquiry
Want my account information,You can get it by using your phone number linked to the bank or using your credit/debit card.,Account Enquiry
Want my account details,You can get it by using your phone number linked to the bank or using your credit/debit card.,Account Enquiry
Want to know my account information,You can get it by using your phone number linked to the bank or using your credit/debit card.,Account Enquiry
Want to know my account details,You can get it by using your phone number linked to the bank or using your credit/debit card.,Account Enquiry
Account Details,You can get it by using your phone number linked to the bank or using your credit/debit card.,Account Enquiry
Have to know my account information,You can get it by using your phone number linked to the bank or using your credit/debit card.,Account Enquiry
Need to know my account details,You can get it by using your phone number linked to the bank or using your credit/debit card.,Account Enquiry
Account Information,You can get it by using your phone number linked to the bank or using your credit/debit card.,Account Enquiry
Need my account details,You can get it by using your phone number linked to the bank or using your credit/debit card.,Account Enquiry
Have to know my account details,You can get it by using your phone number linked to the bank or using your credit/debit card.,Account Enquiry
Need to know my account information,You can get it by using your phone number linked to the bank or using your credit/debit card.,Account Enquiry
,,
Hi,I am a banking assistant..How can I help you?,General
Hello,I am a banking assistant..How can I help you?,General
How are you?,I am fine…How can I help you?,General
How are you doing?,I am fine…How can I help you?,General
What are you doing?,I am a banking assistant..How can I help you?,General
what about you?,I am fine…How can I help you?,General
Who are you?,I am a banking assistant..How can I help you?,General
need some help,I am a banking assistant..How can I help you?,General
Need assistance,I am a banking assistant..How can I help you?,General
have a query,I am a banking assistant..How can I help you?,General
query,I am a banking assistant..How can I help you?,General
problem,I am a banking assistant..How can I help you?,General
need to solve a problem,I am a banking assistant..How can I help you?,General
solve a problem,I am a banking assistant..How can I help you?,General
,,
f..k,Please withdraw your inconvenient words..How can I help you?,General
sh..t,Please withdraw your inconvenient words..How can I help you?,General
fuck,Please withdraw your inconvenient words..How can I help you?,General
shit,Please withdraw your inconvenient words..How can I help you?,General
What the fuck are you?,Please withdraw your inconvenient words..How can I help you?,General
Bullshit,Please withdraw your inconvenient words..How can I help you?,General
what shit are you?,Please withdraw your inconvenient words..How can I help you?,General
what the shit!,Please withdraw your inconvenient words..How can I help you?,General
Shit!,Please withdraw your inconvenient words..How can I help you?,General
What the heck?,Please withdraw your inconvenient words..How can I help you?,General
What the hell?,Please withdraw your inconvenient words..How can I help you?,General
heck,Please withdraw your inconvenient words..How can I help you?,General
hell,Please withdraw your inconvenient words..How can I help you?,General
